Company has had the same Location profile for all of history,,,,,,
The past experience is listed below.,,,,,,
,,,,,,
,,,,,,
Location,Latitude,Longitude,Total Insured Value,Premium,Losses - Non Catastrophe,PolicyYear
1,19,-100.1,"290,874","2,644","13,800",1985
1,19,-100.1,"296,488","2,697",0,1986
1,19,-100.1,"301,944","2,751",0,1987
1,19,-100.1,"308,254","2,806",0,1988
1,19,-100.1,"313,433","2,862",0,1989
1,19,-100.1,"318,636","2,919",0,1990
1,19,-100.1,"326,315","2,977",0,1991
1,19,-100.1,"331,242","3,037",0,1992
1,19,-100.1,"336,443","3,098",0,1993
1,19,-100.1,"344,686","3,159",0,1994
1,19,-100.1,"352,303","3,223",0,1995
1,19,-100.1,"360,723","3,287",0,1996
1,19,-100.1,"367,577","3,353",0,1997
1,19,-100.1,"373,532","3,420",0,1998
1,19,-100.1,"381,525","3,488",0,1999
1,19,-100.1,"388,927","3,558",0,2000
1,19,-100.1,"397,872","3,629",0,2001
1,19,-100.1,"405,790","3,702",0,2002
1,19,-100.1,"414,555","3,776",0,2003
1,19,-100.1,"424,629","3,851",0,2004
1,19,-100.1,"432,654","3,928",0,2005
1,19,-100.1,"440,485","4,007",0,2006
1,19,-100.1,"447,885","4,087",0,2007
1,19,-100.1,"454,604","4,169",0,2008
1,19,-100.1,"462,877","4,252",0,2009
1,19,-100.1,"472,552","4,337",0,2010
1,19,-100.1,"481,577","4,424",0,2011
1,19,-100.1,"490,631","4,513",0,2012
1,19,-100.1,"498,432","4,603",0,2013
1,19,-100.1,"507,354","4,695",0,2014
1,19,-100.1,"516,131","4,789",0,2015
1,19,-100.1,"527,538","4,884",0,2016
1,19,-100.1,"539,302","4,982",0,2017
1,19,-100.1,"549,387","5,082",0,2018
1,19,-100.1,"558,397","5,183",0,2019
1,19,-100.1,"568,615","5,287",0,2020
1,19,-100.1,"579,021","5,393","50,262",2021
2,7.2,-74.4,"259,184","1,970",0,1985
2,7.2,-74.4,"265,249","2,010",0,1986
2,7.2,-74.4,"271,244","2,050",0,1987
2,7.2,-74.4,"277,781","2,091",0,1988
2,7.2,-74.4,"283,864","2,133",0,1989
2,7.2,-74.4,"289,002","2,175",0,1990
2,7.2,-74.4,"295,967","2,219",0,1991
2,7.2,-74.4,"301,649","2,263",0,1992
2,7.2,-74.4,"306,717","2,308",0,1993
2,7.2,-74.4,"311,379","2,355","16,647",1994
2,7.2,-74.4,"317,825","2,402",0,1995
2,7.2,-74.4,"325,135","2,450","14,576",1996
2,7.2,-74.4,"330,987","2,499",0,1997
2,7.2,-74.4,"338,501","2,549",0,1998
2,7.2,-74.4,"346,625","2,600",0,1999
2,7.2,-74.4,"353,280","2,652",0,2000
2,7.2,-74.4,"359,709","2,705",0,2001
2,7.2,-74.4,"367,767","2,759",0,2002
2,7.2,-74.4,"373,762","2,814",0,2003
2,7.2,-74.4,"382,694","2,870","19,661",2004
2,7.2,-74.4,"389,277","2,928",0,2005
2,7.2,-74.4,"396,907","2,986",0,2006
2,7.2,-74.4,"403,416","3,046",0,2007
2,7.2,-74.4,"412,735","3,107",0,2008
2,7.2,-74.4,"419,173","3,169",0,2009
2,7.2,-74.4,"425,671","3,232",0,2010
2,7.2,-74.4,"436,185","3,297",0,2011
2,7.2,-74.4,"443,949","3,363",0,2012
2,7.2,-74.4,"452,561","3,430",0,2013
2,7.2,-74.4,"462,156","3,499",0,2014
2,7.2,-74.4,"470,243","3,569",0,2015
2,7.2,-74.4,"478,191","3,640",0,2016
2,7.2,-74.4,"488,806","3,713",0,2017
2,7.2,-74.4,"498,143","3,787",0,2018
2,7.2,-74.4,"508,703","3,863",0,2019
2,7.2,-74.4,"520,759","3,940",0,2020
2,7.2,-74.4,"529,352","4,019",0,2021
3,24.7,-77.8,"1,112,660","2,478",0,1985
3,24.7,-77.8,"1,139,364","2,528",0,1986
3,24.7,-77.8,"1,158,163","2,578",0,1987
3,24.7,-77.8,"1,183,180","2,630",0,1988
3,24.7,-77.8,"1,212,167","2,682",0,1989
3,24.7,-77.8,"1,237,987","2,736",0,1990
3,24.7,-77.8,"1,268,936","2,791",0,1991
3,24.7,-77.8,"1,293,681","2,846",0,1992
3,24.7,-77.8,"1,322,271","2,903",0,1993
3,24.7,-77.8,"1,347,923","2,961",0,1994
3,24.7,-77.8,"1,372,725","3,021",0,1995
3,24.7,-77.8,"1,393,865","3,081",0,1996
3,24.7,-77.8,"1,414,912","3,143",0,1997
3,24.7,-77.8,"1,447,172","3,206",0,1998
3,24.7,-77.8,"1,469,024","3,270",0,1999
3,24.7,-77.8,"1,504,869","3,335",0,2000
3,24.7,-77.8,"1,529,548","3,402",0,2001
3,24.7,-77.8,"1,556,163","3,470",0,2002
3,24.7,-77.8,"1,588,686","3,539",0,2003
3,24.7,-77.8,"1,619,189","3,610",0,2004
3,24.7,-77.8,"1,648,173","3,682",0,2005
3,24.7,-77.8,"1,677,675","3,756",0,2006
3,24.7,-77.8,"1,715,255","3,831",0,2007
3,24.7,-77.8,"1,756,592","3,908",0,2008
3,24.7,-77.8,"1,791,549","3,986",0,2009
3,24.7,-77.8,"1,820,572","4,065",0,2010
3,24.7,-77.8,"1,854,070","4,147","37,570",2011
3,24.7,-77.8,"1,894,118","4,230",0,2012
3,24.7,-77.8,"1,941,092","4,314",0,2013
3,24.7,-77.8,"1,975,838","4,401",0,2014
3,24.7,-77.8,"2,024,246","4,489",0,2015
3,24.7,-77.8,"2,061,087","4,578",0,2016
3,24.7,-77.8,"2,111,790","4,670",0,2017
3,24.7,-77.8,"2,156,982","4,763",0,2018
3,24.7,-77.8,"2,200,985","4,859",0,2019
3,24.7,-77.8,"2,245,665","4,956","36,871",2020
3,24.7,-77.8,"2,291,027","5,055",0,2021
4,40.5,-122.3,"321,356","1,861",0,1985
4,40.5,-122.3,"328,458","1,898",0,1986
4,40.5,-122.3,"335,618","1,936",0,1987
4,40.5,-122.3,"341,055","1,975",0,1988
4,40.5,-122.3,"347,058","2,014",0,1989
4,40.5,-122.3,"353,548","2,054",0,1990
4,40.5,-122.3,"359,417","2,096",0,1991
4,40.5,-122.3,"367,935","2,137",0,1992
4,40.5,-122.3,"375,294","2,180",0,1993
4,40.5,-122.3,"381,036","2,224",0,1994
4,40.5,-122.3,"388,656","2,268","12,112",1995
4,40.5,-122.3,"397,090","2,314",0,1996
4,40.5,-122.3,"406,898","2,360",0,1997
4,40.5,-122.3,"416,908","2,407",0,1998
4,40.5,-122.3,"425,872","2,455",0,1999
4,40.5,-122.3,"435,113","2,504",0,2000
4,40.5,-122.3,"442,249","2,554",0,2001
4,40.5,-122.3,"452,111","2,606",0,2002
4,40.5,-122.3,"463,052","2,658","18,869",2003
4,40.5,-122.3,"473,934","2,711",0,2004
4,40.5,-122.3,"481,706","2,765",0,2005
4,40.5,-122.3,"490,040","2,820",0,2006
4,40.5,-122.3,"499,890","2,877",0,2007
4,40.5,-122.3,"511,887","2,934",0,2008
4,40.5,-122.3,"520,538","2,993",0,2009
4,40.5,-122.3,"530,376","3,053",0,2010
4,40.5,-122.3,"541,355","3,114",0,2011
4,40.5,-122.3,"549,908","3,176",0,2012
4,40.5,-122.3,"561,236","3,240",0,2013
4,40.5,-122.3,"574,369","3,304",0,2014
4,40.5,-122.3,"587,006","3,370",0,2015
4,40.5,-122.3,"601,094","3,438",0,2016
4,40.5,-122.3,"614,318","3,507",0,2017
4,40.5,-122.3,"626,788","3,577","21,675",2018
4,40.5,-122.3,"641,957","3,648",0,2019
4,40.5,-122.3,"652,292","3,721",0,2020
4,40.5,-122.3,"665,338","3,796",0,2021
5,29.6,-81.3,"958,066","10,316",0,1985
5,29.6,-81.3,"973,874","10,522",0,1986
5,29.6,-81.3,"994,326","10,732",0,1987
5,29.6,-81.3,"1,013,516","10,947",0,1988
5,29.6,-81.3,"1,032,063","11,166",0,1989
5,29.6,-81.3,"1,051,879","11,389",0,1990
5,29.6,-81.3,"1,071,865","11,617",0,1991
5,29.6,-81.3,"1,092,766","11,850",0,1992
5,29.6,-81.3,"1,110,687","12,087",0,1993
5,29.6,-81.3,"1,133,234","12,328",0,1994
5,29.6,-81.3,"1,151,933","12,575",0,1995
5,29.6,-81.3,"1,177,045","12,826",0,1996
5,29.6,-81.3,"1,200,468","13,083",0,1997
5,29.6,-81.3,"1,220,036","13,345",0,1998
5,29.6,-81.3,"1,243,216","13,611",0,1999
5,29.6,-81.3,"1,273,054","13,884",0,2000
5,29.6,-81.3,"1,303,480","14,161",0,2001
5,29.6,-81.3,"1,332,547","14,445",0,2002
5,29.6,-81.3,"1,361,330","14,733",0,2003
5,29.6,-81.3,"1,388,557","15,028",0,2004
5,29.6,-81.3,"1,422,576","15,329",0,2005
5,29.6,-81.3,"1,453,731","15,635",0,2006
5,29.6,-81.3,"1,477,136","15,948",0,2007
5,29.6,-81.3,"1,500,770","16,267",0,2008
5,29.6,-81.3,"1,531,236","16,592",0,2009
5,29.6,-81.3,"1,556,807","16,924",0,2010
5,29.6,-81.3,"1,581,561","17,263",0,2011
5,29.6,-81.3,"1,612,243","17,608",0,2012
5,29.6,-81.3,"1,648,680","17,960",0,2013
5,29.6,-81.3,"1,674,069","18,319",0,2014
5,29.6,-81.3,"1,714,414","18,686",0,2015
5,29.6,-81.3,"1,741,845","19,059",0,2016
5,29.6,-81.3,"1,773,721","19,440","180,796",2017
5,29.6,-81.3,"1,817,709","19,829",0,2018
5,29.6,-81.3,"1,847,156","20,226","145,019",2019
5,29.6,-81.3,"1,886,685","20,630",0,2020
5,29.6,-81.3,"1,929,890","21,043",0,2021
6,29.6,-90.6,"506,667","3,881",0,1985
6,29.6,-90.6,"516,598","3,959",0,1986
6,29.6,-90.6,"528,118","4,038",0,1987
6,29.6,-90.6,"538,258","4,119",0,1988
6,29.6,-90.6,"549,938","4,201",0,1989
6,29.6,-90.6,"559,122","4,285",0,1990
6,29.6,-90.6,"571,199","4,371",0,1991
6,29.6,-90.6,"583,994","4,459",0,1992
6,29.6,-90.6,"598,244","4,548",0,1993
6,29.6,-90.6,"610,089","4,639",0,1994
6,29.6,-90.6,"621,803","4,731",0,1995
6,29.6,-90.6,"634,612","4,826",0,1996
6,29.6,-90.6,"644,956","4,923",0,1997
6,29.6,-90.6,"659,209","5,021",0,1998
6,29.6,-90.6,"675,228","5,121",0,1999
6,29.6,-90.6,"687,922","5,224",0,2000
6,29.6,-90.6,"699,411","5,328",0,2001
6,29.6,-90.6,"716,756","5,435",0,2002
6,29.6,-90.6,"734,675","5,544",0,2003
6,29.6,-90.6,"749,001","5,654",0,2004
6,29.6,-90.6,"765,929","5,768",0,2005
6,29.6,-90.6,"784,771","5,883",0,2006
6,29.6,-90.6,"798,033","6,001",0,2007
6,29.6,-90.6,"815,989","6,121",0,2008
6,29.6,-90.6,"831,737","6,243",0,2009
6,29.6,-90.6,"845,711","6,368",0,2010
6,29.6,-90.6,"865,331","6,495",0,2011
6,29.6,-90.6,"879,869","6,625",0,2012
6,29.6,-90.6,"901,689","6,758","66,360",2013
6,29.6,-90.6,"920,895","6,893",0,2014
6,29.6,-90.6,"940,511","7,031",0,2015
6,29.6,-90.6,"955,841","7,171",0,2016
6,29.6,-90.6,"970,370","7,315",0,2017
6,29.6,-90.6,"992,106","7,461",0,2018
6,29.6,-90.6,"1,008,178","7,610",0,2019
6,29.6,-90.6,"1,025,317","7,762",0,2020
6,29.6,-90.6,"1,049,412","7,918",0,2021
7,32.6,-83.4,"953,342","3,006",0,1985
7,32.6,-83.4,"975,078","3,067",0,1986
7,32.6,-83.4,"996,335","3,128",0,1987
7,32.6,-83.4,"1,012,874","3,190",0,1988
7,32.6,-83.4,"1,037,690","3,254",0,1989
7,32.6,-83.4,"1,058,444","3,319",0,1990
7,32.6,-83.4,"1,074,955","3,386",0,1991
7,32.6,-83.4,"1,091,510","3,453",0,1992
7,32.6,-83.4,"1,110,611","3,523",0,1993
7,32.6,-83.4,"1,130,935","3,593",0,1994
7,32.6,-83.4,"1,156,042","3,665",0,1995
7,32.6,-83.4,"1,181,244","3,738",0,1996
7,32.6,-83.4,"1,203,805","3,813",0,1997
7,32.6,-83.4,"1,227,520","3,889",0,1998
7,32.6,-83.4,"1,253,667","3,967",0,1999
7,32.6,-83.4,"1,281,999","4,046",0,2000
7,32.6,-83.4,"1,306,998","4,127",0,2001
7,32.6,-83.4,"1,338,759","4,210",0,2002
7,32.6,-83.4,"1,371,826","4,294",0,2003
7,32.6,-83.4,"1,405,436","4,380",0,2004
7,32.6,-83.4,"1,435,231","4,467","33,595",2005
7,32.6,-83.4,"1,462,500","4,557","29,801",2006
7,32.6,-83.4,"1,491,458","4,648",0,2007
7,32.6,-83.4,"1,515,023","4,741",0,2008
7,32.6,-83.4,"1,551,232","4,836","33,898",2009
7,32.6,-83.4,"1,580,240","4,932",0,2010
7,32.6,-83.4,"1,618,482","5,031","37,884",2011
7,32.6,-83.4,"1,649,233","5,132",0,2012
7,32.6,-83.4,"1,687,165","5,234",0,2013
7,32.6,-83.4,"1,721,752","5,339",0,2014
7,32.6,-83.4,"1,753,432","5,446",0,2015
7,32.6,-83.4,"1,783,942","5,555",0,2016
7,32.6,-83.4,"1,814,091","5,666",0,2017
7,32.6,-83.4,"1,843,842","5,779",0,2018
7,32.6,-83.4,"1,883,116","5,895",0,2019
7,32.6,-83.4,"1,928,499","6,013",0,2020
7,32.6,-83.4,"1,974,204","6,133",0,2021
8,43.4,-107.9,"253,182","1,370","7,866",1985
8,43.4,-107.9,"259,132","1,398",0,1986
8,43.4,-107.9,"265,558","1,426",0,1987
8,43.4,-107.9,"270,179","1,454",0,1988
8,43.4,-107.9,"274,799","1,483",0,1989
8,43.4,-107.9,"279,361","1,513",0,1990
8,43.4,-107.9,"285,982","1,543",0,1991
8,43.4,-107.9,"291,787","1,574",0,1992
8,43.4,-107.9,"296,339","1,606",0,1993
8,43.4,-107.9,"301,318","1,638",0,1994
8,43.4,-107.9,"307,133","1,671",0,1995
8,43.4,-107.9,"312,661","1,704",0,1996
8,43.4,-107.9,"319,321","1,738",0,1997
8,43.4,-107.9,"325,452","1,773",0,1998
8,43.4,-107.9,"332,970","1,808",0,1999
8,43.4,-107.9,"339,563","1,844",0,2000
8,43.4,-107.9,"345,166","1,881",0,2001
8,43.4,-107.9,"353,381","1,919",0,2002
8,43.4,-107.9,"360,307","1,957",0,2003
8,43.4,-107.9,"368,053","1,997",0,2004
8,43.4,-107.9,"375,856","2,036",0,2005
8,43.4,-107.9,"384,350","2,077","18,238",2006
8,43.4,-107.9,"390,538","2,119",0,2007
8,43.4,-107.9,"399,326","2,161",0,2008
8,43.4,-107.9,"408,989","2,204",0,2009
8,43.4,-107.9,"416,719","2,248",0,2010
8,43.4,-107.9,"424,595","2,293",0,2011
8,43.4,-107.9,"431,219","2,339",0,2012
8,43.4,-107.9,"441,741","2,386",0,2013
8,43.4,-107.9,"450,929","2,434","17,206",2014
8,43.4,-107.9,"459,091","2,482",0,2015
8,43.4,-107.9,"469,512","2,532",0,2016
8,43.4,-107.9,"477,822","2,583",0,2017
8,43.4,-107.9,"488,143","2,634",0,2018
8,43.4,-107.9,"499,615","2,687",0,2019
8,43.4,-107.9,"510,556","2,741","15,321",2020
8,43.4,-107.9,"520,461","2,796",0,2021
9,51.5,-73.7,"1,380,274","4,643",0,1985
9,51.5,-73.7,"1,408,293","4,736","25,052",1986
9,51.5,-73.7,"1,436,741","4,830",0,1987
9,51.5,-73.7,"1,462,458","4,927",0,1988
9,51.5,-73.7,"1,492,000","5,026",0,1989
9,51.5,-73.7,"1,528,256","5,126",0,1990
9,51.5,-73.7,"1,555,153","5,229",0,1991
9,51.5,-73.7,"1,584,079","5,333",0,1992
9,51.5,-73.7,"1,615,285","5,440",0,1993
9,51.5,-73.7,"1,648,560","5,549",0,1994
9,51.5,-73.7,"1,676,091","5,660",0,1995
9,51.5,-73.7,"1,706,428","5,773",0,1996
9,51.5,-73.7,"1,741,069","5,888","38,038",1997
9,51.5,-73.7,"1,768,752","6,006",0,1998
9,51.5,-73.7,"1,811,909","6,126",0,1999
9,51.5,-73.7,"1,849,959","6,249",0,2000
9,51.5,-73.7,"1,884,183","6,374",0,2001
9,51.5,-73.7,"1,930,723","6,501",0,2002
9,51.5,-73.7,"1,961,614","6,631",0,2003
9,51.5,-73.7,"2,002,808","6,764",0,2004
9,51.5,-73.7,"2,049,674","6,899",0,2005
9,51.5,-73.7,"2,081,239","7,037",0,2006
9,51.5,-73.7,"2,116,204","7,178","55,125",2007
9,51.5,-73.7,"2,166,146","7,321",0,2008
9,51.5,-73.7,"2,213,368","7,468",0,2009
9,51.5,-73.7,"2,259,849","7,617",0,2010
9,51.5,-73.7,"2,305,046","7,769",0,2011
9,51.5,-73.7,"2,351,608","7,925",0,2012
9,51.5,-73.7,"2,410,163","8,083",0,2013
9,51.5,-73.7,"2,451,136","8,245",0,2014
9,51.5,-73.7,"2,492,560","8,410","52,646",2015
9,51.5,-73.7,"2,536,429","8,578",0,2016
9,51.5,-73.7,"2,585,889","8,750","56,085",2017
9,51.5,-73.7,"2,641,744","8,925",0,2018
9,51.5,-73.7,"2,693,258","9,103",0,2019
9,51.5,-73.7,"2,734,465","9,285",0,2020
9,51.5,-73.7,"2,792,436","9,471",0,2021
10,46.2,-62.5,"742,049","1,683",0,1985
10,46.2,-62.5,"758,448","1,717",0,1986
10,46.2,-62.5,"774,527","1,751",0,1987
10,46.2,-62.5,"788,469","1,786",0,1988
10,46.2,-62.5,"805,421","1,822",0,1989
10,46.2,-62.5,"817,663","1,858",0,1990
10,46.2,-62.5,"836,551","1,895",0,1991
10,46.2,-62.5,"850,438","1,933",0,1992
10,46.2,-62.5,"871,699","1,972",0,1993
10,46.2,-62.5,"885,820","2,011",0,1994
10,46.2,-62.5,"907,700","2,051",0,1995
10,46.2,-62.5,"922,495","2,092",0,1996
10,46.2,-62.5,"940,761","2,134",0,1997
10,46.2,-62.5,"957,036","2,177",0,1998
10,46.2,-62.5,"980,005","2,221",0,1999
10,46.2,-62.5,"1,002,251","2,265",0,2000
10,46.2,-62.5,"1,022,998","2,310",0,2001
10,46.2,-62.5,"1,045,504","2,356",0,2002
10,46.2,-62.5,"1,062,127","2,404",0,2003
10,46.2,-62.5,"1,084,219","2,452",0,2004
10,46.2,-62.5,"1,109,807","2,501",0,2005
10,46.2,-62.5,"1,132,780","2,551",0,2006
10,46.2,-62.5,"1,160,646","2,602",0,2007
10,46.2,-62.5,"1,189,430","2,654",0,2008
10,46.2,-62.5,"1,208,461","2,707",0,2009
10,46.2,-62.5,"1,230,455","2,761",0,2010
10,46.2,-62.5,"1,260,970","2,816",0,2011
10,46.2,-62.5,"1,285,433","2,872",0,2012
10,46.2,-62.5,"1,310,499","2,930","27,073",2013
10,46.2,-62.5,"1,343,262","2,989",0,2014
10,46.2,-62.5,"1,368,112","3,048",0,2015
10,46.2,-62.5,"1,391,233","3,109",0,2016
10,46.2,-62.5,"1,421,145","3,171",0,2017
10,46.2,-62.5,"1,452,694","3,235",0,2018
10,46.2,-62.5,"1,489,011","3,300",0,2019
10,46.2,-62.5,"1,518,196","3,366",0,2020
10,46.2,-62.5,"1,540,969","3,433",0,2021
11,17.2,-89,"371,785","2,698",0,1985
11,17.2,-89,"379,370","2,752",0,1986
11,17.2,-89,"388,512","2,807",0,1987
11,17.2,-89,"397,137","2,863","16,290",1988
11,17.2,-89,"406,867","2,920",0,1989
11,17.2,-89,"415,859","2,979",0,1990
11,17.2,-89,"422,596","3,038",0,1991
11,17.2,-89,"431,132","3,099",0,1992
11,17.2,-89,"439,496","3,161",0,1993
11,17.2,-89,"449,912","3,224",0,1994
11,17.2,-89,"457,921","3,289",0,1995
11,17.2,-89,"468,865","3,354",0,1996
11,17.2,-89,"478,289","3,422",0,1997
11,17.2,-89,"488,190","3,490",0,1998
11,17.2,-89,"497,514","3,560",0,1999
11,17.2,-89,"507,813","3,631",0,2000
11,17.2,-89,"516,344","3,704",0,2001
11,17.2,-89,"526,258","3,778",0,2002
11,17.2,-89,"534,731","3,853",0,2003
11,17.2,-89,"548,046","3,930",0,2004
11,17.2,-89,"559,061","4,009",0,2005
11,17.2,-89,"568,901","4,089",0,2006
11,17.2,-89,"581,985","4,171",0,2007
11,17.2,-89,"595,488","4,254",0,2008
11,17.2,-89,"609,243","4,339",0,2009
11,17.2,-89,"622,708","4,426",0,2010
11,17.2,-89,"632,920","4,515",0,2011
11,17.2,-89,"646,021","4,605",0,2012
11,17.2,-89,"657,973","4,697",0,2013
11,17.2,-89,"671,527","4,791",0,2014
11,17.2,-89,"683,144","4,887",0,2015
11,17.2,-89,"697,490","4,984",0,2016
11,17.2,-89,"709,348","5,084",0,2017
11,17.2,-89,"722,471","5,186",0,2018
11,17.2,-89,"739,810","5,290",0,2019
11,17.2,-89,"750,907","5,395",0,2020
11,17.2,-89,"763,147","5,503",0,2021
12,34.6,-77.9,"269,100",937,0,1985
12,34.6,-77.9,"273,190",956,0,1986
12,34.6,-77.9,"279,146",975,0,1987
12,34.6,-77.9,"284,394",995,0,1988
12,34.6,-77.9,"289,342","1,015",0,1989
12,34.6,-77.9,"293,914","1,035",0,1990
12,34.6,-77.9,"299,087","1,056",0,1991
12,34.6,-77.9,"303,782","1,077",0,1992
12,34.6,-77.9,"311,346","1,098",0,1993
12,34.6,-77.9,"317,480","1,120",0,1994
12,34.6,-77.9,"324,496","1,143",0,1995
12,34.6,-77.9,"330,013","1,166",0,1996
12,34.6,-77.9,"335,458","1,189",0,1997
12,34.6,-77.9,"343,744","1,213",0,1998
12,34.6,-77.9,"351,306","1,237","7,100",1999
12,34.6,-77.9,"358,859","1,262",0,2000
12,34.6,-77.9,"365,175","1,287","10,758",2001
12,34.6,-77.9,"372,734","1,313","12,089",2002
12,34.6,-77.9,"378,735","1,339",0,2003
12,34.6,-77.9,"385,515","1,366",0,2004
12,34.6,-77.9,"391,336","1,393",0,2005
12,34.6,-77.9,"399,945","1,421",0,2006
12,34.6,-77.9,"406,504","1,449",0,2007
12,34.6,-77.9,"416,179","1,478",0,2008
12,34.6,-77.9,"424,503","1,508",0,2009
12,34.6,-77.9,"430,998","1,538",0,2010
12,34.6,-77.9,"438,325","1,569",0,2011
12,34.6,-77.9,"445,294","1,600",0,2012
12,34.6,-77.9,"454,511","1,632",0,2013
12,34.6,-77.9,"461,875","1,665",0,2014
12,34.6,-77.9,"471,528","1,698",0,2015
12,34.6,-77.9,"481,288","1,732",0,2016
12,34.6,-77.9,"488,556","1,767",0,2017
12,34.6,-77.9,"497,741","1,802","10,559",2018
12,34.6,-77.9,"509,487","1,838",0,2019
12,34.6,-77.9,"517,690","1,875",0,2020
12,34.6,-77.9,"526,905","1,912",0,2021
13,30.4,-87.5,"942,929","3,870",0,1985
13,30.4,-87.5,"958,487","3,947",0,1986
13,30.4,-87.5,"980,149","4,026",0,1987
13,30.4,-87.5,"1,000,536","4,107",0,1988
13,30.4,-87.5,"1,023,348","4,189","39,627",1989
13,30.4,-87.5,"1,043,815","4,273",0,1990
13,30.4,-87.5,"1,068,032","4,358","36,609",1991
13,30.4,-87.5,"1,086,509","4,445",0,1992
13,30.4,-87.5,"1,103,241","4,534",0,1993
13,30.4,-87.5,"1,127,512","4,625",0,1994
13,30.4,-87.5,"1,153,783","4,717",0,1995
13,30.4,-87.5,"1,174,205","4,812",0,1996
13,30.4,-87.5,"1,202,973","4,908",0,1997
13,30.4,-87.5,"1,226,070","5,006",0,1998
13,30.4,-87.5,"1,247,159","5,106",0,1999
13,30.4,-87.5,"1,276,717","5,208",0,2000
13,30.4,-87.5,"1,300,719","5,313","36,657",2001
13,30.4,-87.5,"1,329,595","5,419",0,2002
13,30.4,-87.5,"1,353,129","5,527",0,2003
13,30.4,-87.5,"1,380,868","5,638",0,2004
13,30.4,-87.5,"1,406,552","5,751",0,2005
13,30.4,-87.5,"1,440,450","5,866",0,2006
13,30.4,-87.5,"1,473,724","5,983","45,888",2007
13,30.4,-87.5,"1,501,430","6,103",0,2008
13,30.4,-87.5,"1,538,666","6,225",0,2009
13,30.4,-87.5,"1,572,055","6,349",0,2010
13,30.4,-87.5,"1,609,470","6,476",0,2011
13,30.4,-87.5,"1,648,419","6,606",0,2012
13,30.4,-87.5,"1,688,310","6,738",0,2013
13,30.4,-87.5,"1,719,713","6,872",0,2014
13,30.4,-87.5,"1,753,935","7,010",0,2015
13,30.4,-87.5,"1,793,048","7,150",0,2016
13,30.4,-87.5,"1,822,992","7,293",0,2017
13,30.4,-87.5,"1,850,519","7,439",0,2018
13,30.4,-87.5,"1,882,903","7,588",0,2019
13,30.4,-87.5,"1,926,398","7,739",0,2020
13,30.4,-87.5,"1,967,238","7,894","54,707",2021
14,18,-77.2,"179,338","1,715",0,1985
14,18,-77.2,"182,979","1,750",0,1986
14,18,-77.2,"185,852","1,784",0,1987
14,18,-77.2,"189,494","1,820",0,1988
14,18,-77.2,"194,004","1,857",0,1989
14,18,-77.2,"197,458","1,894",0,1990
14,18,-77.2,"202,216","1,932",0,1991
14,18,-77.2,"206,443","1,970",0,1992
14,18,-77.2,"211,191","2,010",0,1993
14,18,-77.2,"216,471","2,050",0,1994
14,18,-77.2,"220,497","2,091",0,1995
14,18,-77.2,"225,480","2,133",0,1996
14,18,-77.2,"230,058","2,175","12,486",1997
14,18,-77.2,"235,648","2,219",0,1998
14,18,-77.2,"240,078","2,263",0,1999
14,18,-77.2,"245,120","2,308",0,2000
14,18,-77.2,"249,851","2,355",0,2001
14,18,-77.2,"254,573","2,402",0,2002
14,18,-77.2,"259,690","2,450",0,2003
14,18,-77.2,"264,156","2,499",0,2004
14,18,-77.2,"268,885","2,549",0,2005
14,18,-77.2,"273,913","2,600",0,2006
14,18,-77.2,"280,240","2,652",0,2007
14,18,-77.2,"285,060","2,705",0,2008
14,18,-77.2,"289,935","2,759",0,2009
14,18,-77.2,"294,313","2,814",0,2010
14,18,-77.2,"301,023","2,870",0,2011
14,18,-77.2,"307,104","2,928",0,2012
14,18,-77.2,"312,570","2,986",0,2013
14,18,-77.2,"317,321","3,046",0,2014
14,18,-77.2,"323,351","3,107",0,2015
14,18,-77.2,"330,497","3,169",0,2016
14,18,-77.2,"336,974","3,232",0,2017
14,18,-77.2,"345,028","3,297",0,2018
14,18,-77.2,"351,515","3,363",0,2019
14,18,-77.2,"358,018","3,430",0,2020
14,18,-77.2,"363,710","3,499",0,2021
15,41.9,-87.9,"679,481","2,887","17,816",1985
15,41.9,-87.9,"691,576","2,945",0,1986
15,41.9,-87.9,"706,859","3,004",0,1987
15,41.9,-87.9,"722,552","3,064",0,1988
15,41.9,-87.9,"737,725","3,125",0,1989
15,41.9,-87.9,"753,144","3,188",0,1990
15,41.9,-87.9,"767,830","3,252",0,1991
15,41.9,-87.9,"786,872","3,317",0,1992
15,41.9,-87.9,"801,980","3,383",0,1993
15,41.9,-87.9,"816,817","3,451",0,1994
15,41.9,-87.9,"830,213","3,520",0,1995
15,41.9,-87.9,"842,915","3,590",0,1996
15,41.9,-87.9,"859,689","3,662",0,1997
15,41.9,-87.9,"877,914","3,735",0,1998
15,41.9,-87.9,"898,896","3,810","27,508",1999
15,41.9,-87.9,"919,571","3,886",0,2000
15,41.9,-87.9,"942,009","3,964",0,2001
15,41.9,-87.9,"961,602","4,043",0,2002
15,41.9,-87.9,"981,315","4,124",0,2003
15,41.9,-87.9,"998,684","4,207",0,2004
15,41.9,-87.9,"1,015,263","4,291",0,2005
15,41.9,-87.9,"1,031,710","4,376",0,2006
15,41.9,-87.9,"1,051,828","4,464",0,2007
15,41.9,-87.9,"1,075,284","4,553",0,2008
15,41.9,-87.9,"1,097,865","4,644",0,2009
15,41.9,-87.9,"1,115,760","4,737",0,2010
15,41.9,-87.9,"1,137,964","4,832",0,2011
15,41.9,-87.9,"1,165,730","4,929",0,2012
15,41.9,-87.9,"1,184,382","5,027",0,2013
15,41.9,-87.9,"1,208,425","5,128",0,2014
15,41.9,-87.9,"1,231,264","5,230",0,2015
15,41.9,-87.9,"1,249,979","5,335",0,2016
15,41.9,-87.9,"1,280,479","5,442",0,2017
15,41.9,-87.9,"1,310,954","5,550",0,2018
15,41.9,-87.9,"1,333,765","5,661",0,2019
15,41.9,-87.9,"1,363,374","5,775",0,2020
15,41.9,-87.9,"1,388,324","5,890",0,2021
16,26.5,-97.8,"276,312","2,079",0,1985
16,26.5,-97.8,"282,004","2,121",0,1986
16,26.5,-97.8,"288,490","2,163",0,1987
16,26.5,-97.8,"293,654","2,207",0,1988
16,26.5,-97.8,"300,496","2,251",0,1989
16,26.5,-97.8,"306,025","2,296",0,1990
16,26.5,-97.8,"310,799","2,342",0,1991
16,26.5,-97.8,"317,264","2,389",0,1992
16,26.5,-97.8,"322,499","2,436",0,1993
16,26.5,-97.8,"330,561","2,485",0,1994
16,26.5,-97.8,"337,371","2,535",0,1995
16,26.5,-97.8,"345,299","2,585",0,1996
16,26.5,-97.8,"352,136","2,637",0,1997
16,26.5,-97.8,"358,580","2,690",0,1998
16,26.5,-97.8,"365,895","2,744",0,1999
16,26.5,-97.8,"374,567","2,799",0,2000
16,26.5,-97.8,"381,571","2,855",0,2001
16,26.5,-97.8,"388,134","2,912",0,2002
16,26.5,-97.8,"396,324","2,970",0,2003
16,26.5,-97.8,"404,726","3,029",0,2004
16,26.5,-97.8,"414,803","3,090",0,2005
16,26.5,-97.8,"421,979","3,152",0,2006
16,26.5,-97.8,"431,896","3,215",0,2007
16,26.5,-97.8,"441,354","3,279",0,2008
16,26.5,-97.8,"450,535","3,345",0,2009
16,26.5,-97.8,"458,915","3,411",0,2010
16,26.5,-97.8,"469,699","3,480",0,2011
16,26.5,-97.8,"478,623","3,549",0,2012
16,26.5,-97.8,"490,350","3,620",0,2013
16,26.5,-97.8,"498,637","3,693",0,2014
16,26.5,-97.8,"509,656","3,767",0,2015
16,26.5,-97.8,"518,881","3,842",0,2016
16,26.5,-97.8,"528,584","3,919",0,2017
16,26.5,-97.8,"538,363","3,997",0,2018
16,26.5,-97.8,"548,269","4,077",0,2019
16,26.5,-97.8,"560,824","4,159",0,2020
16,26.5,-97.8,"571,480","4,242",0,2021
17,33.8,-80.7,"1,695,941","8,370",0,1985
17,33.8,-80.7,"1,734,439","8,537",0,1986
17,33.8,-80.7,"1,768,434","8,708","85,425",1987
17,33.8,-80.7,"1,810,700","8,882",0,1988
17,33.8,-80.7,"1,846,189","9,060",0,1989
17,33.8,-80.7,"1,880,713","9,241",0,1990
17,33.8,-80.7,"1,916,071","9,426",0,1991
17,33.8,-80.7,"1,945,387","9,614",0,1992
17,33.8,-80.7,"1,988,769","9,807",0,1993
17,33.8,-80.7,"2,032,720","10,003",0,1994
17,33.8,-80.7,"2,064,431","10,203",0,1995
17,33.8,-80.7,"2,113,358","10,407",0,1996
17,33.8,-80.7,"2,151,398","10,615",0,1997
17,33.8,-80.7,"2,203,892","10,827",0,1998
17,33.8,-80.7,"2,240,036","11,044",0,1999
17,33.8,-80.7,"2,289,541","11,265",0,2000
17,33.8,-80.7,"2,328,005","11,490",0,2001
17,33.8,-80.7,"2,374,333","11,720",0,2002
17,33.8,-80.7,"2,409,948","11,954",0,2003
17,33.8,-80.7,"2,456,460","12,193",0,2004
17,33.8,-80.7,"2,500,430","12,437",0,2005
17,33.8,-80.7,"2,552,939","12,686",0,2006
17,33.8,-80.7,"2,606,040","12,940",0,2007
17,33.8,-80.7,"2,647,216","13,198",0,2008
17,33.8,-80.7,"2,699,366","13,462",0,2009
17,33.8,-80.7,"2,759,292","13,732",0,2010
17,33.8,-80.7,"2,808,683","14,006",0,2011
17,33.8,-80.7,"2,874,687","14,286",0,2012
17,33.8,-80.7,"2,925,282","14,572",0,2013
17,33.8,-80.7,"2,977,644","14,864",0,2014
17,33.8,-80.7,"3,026,478","15,161",0,2015
17,33.8,-80.7,"3,097,297","15,464",0,2016
17,33.8,-80.7,"3,157,695","15,773","85,807",2017
17,33.8,-80.7,"3,227,795","16,089",0,2018
17,33.8,-80.7,"3,286,864","16,411","82,545",2019
17,33.8,-80.7,"3,342,083","16,739",0,2020
17,33.8,-80.7,"3,421,625","17,073","137,783",2021
18,24.8,-111.6,"334,459","1,975",0,1985
18,24.8,-111.6,"340,212","2,014",0,1986
18,24.8,-111.6,"345,519","2,054",0,1987
18,24.8,-111.6,"352,706","2,095",0,1988
18,24.8,-111.6,"360,324","2,137",0,1989
18,24.8,-111.6,"368,900","2,180","20,755",1990
18,24.8,-111.6,"375,540","2,224",0,1991
18,24.8,-111.6,"384,253","2,268","16,671",1992
18,24.8,-111.6,"390,016","2,314",0,1993
18,24.8,-111.6,"399,767","2,360",0,1994
18,24.8,-111.6,"407,642","2,407",0,1995
18,24.8,-111.6,"417,507","2,455",0,1996
18,24.8,-111.6,"426,108","2,504",0,1997
18,24.8,-111.6,"434,460","2,554",0,1998
18,24.8,-111.6,"441,628","2,605",0,1999
18,24.8,-111.6,"448,606","2,658",0,2000
18,24.8,-111.6,"458,789","2,711",0,2001
18,24.8,-111.6,"468,653","2,765",0,2002
18,24.8,-111.6,"477,136","2,820",0,2003
18,24.8,-111.6,"485,772","2,877",0,2004
18,24.8,-111.6,"496,265","2,934",0,2005
18,24.8,-111.6,"506,785","2,993",0,2006
18,24.8,-111.6,"516,820","3,053",0,2007
18,24.8,-111.6,"525,192","3,114",0,2008
18,24.8,-111.6,"536,484","3,176",0,2009
18,24.8,-111.6,"546,570","3,240",0,2010
18,24.8,-111.6,"558,321","3,304",0,2011
18,24.8,-111.6,"566,696","3,370","25,649",2012
18,24.8,-111.6,"579,786","3,438",0,2013
18,24.8,-111.6,"588,831","3,507","19,041",2014
18,24.8,-111.6,"601,491","3,577",0,2015
18,24.8,-111.6,"615,927","3,648",0,2016
18,24.8,-111.6,"629,908","3,721",0,2017
18,24.8,-111.6,"643,073","3,796",0,2018
18,24.8,-111.6,"658,571","3,872",0,2019
18,24.8,-111.6,"674,904","3,949","23,931",2020
18,24.8,-111.6,"689,482","4,028",0,2021
19,51.1,-114.3,"821,487","5,990",0,1985
19,51.1,-114.3,"834,302","6,109",0,1986
19,51.1,-114.3,"850,737","6,232","59,386",1987
19,51.1,-114.3,"863,839","6,356",0,1988
19,51.1,-114.3,"878,697","6,483",0,1989
19,51.1,-114.3,"898,204","6,613",0,1990
19,51.1,-114.3,"919,851","6,745",0,1991
19,51.1,-114.3,"936,040","6,880",0,1992
19,51.1,-114.3,"950,174","7,018",0,1993
19,51.1,-114.3,"967,942","7,158",0,1994
19,51.1,-114.3,"989,431","7,301",0,1995
19,51.1,-114.3,"1,005,657","7,447",0,1996
19,51.1,-114.3,"1,023,156","7,596",0,1997
19,51.1,-114.3,"1,047,712","7,748",0,1998
19,51.1,-114.3,"1,071,390","7,903",0,1999
19,51.1,-114.3,"1,097,532","8,061",0,2000
19,51.1,-114.3,"1,121,568","8,222",0,2001
19,51.1,-114.3,"1,142,878","8,387",0,2002
19,51.1,-114.3,"1,164,935","8,555",0,2003
19,51.1,-114.3,"1,188,001","8,726",0,2004
19,51.1,-114.3,"1,210,098","8,900",0,2005
19,51.1,-114.3,"1,234,300","9,078",0,2006
19,51.1,-114.3,"1,253,678","9,260",0,2007
19,51.1,-114.3,"1,274,991","9,445",0,2008
19,51.1,-114.3,"1,300,745","9,634",0,2009
19,51.1,-114.3,"1,328,581","9,826",0,2010
19,51.1,-114.3,"1,355,684","10,023",0,2011
19,51.1,-114.3,"1,385,916","10,223","94,056",2012
19,51.1,-114.3,"1,411,140","10,428",0,2013
19,51.1,-114.3,"1,445,854","10,636","85,730",2014
19,51.1,-114.3,"1,479,542","10,849",0,2015
19,51.1,-114.3,"1,511,796","11,066",0,2016
19,51.1,-114.3,"1,547,021","11,288",0,2017
19,51.1,-114.3,"1,576,105","11,513",0,2018
19,51.1,-114.3,"1,613,301","11,744",0,2019
19,51.1,-114.3,"1,646,858","11,978",0,2020
19,51.1,-114.3,"1,676,172","12,218","81,738",2021
20,25,-77.4,"1,440,680","6,620",0,1985
20,25,-77.4,"1,469,061","6,753",0,1986
20,25,-77.4,"1,493,007","6,888","60,613",1987
20,25,-77.4,"1,526,003","7,026",0,1988
20,25,-77.4,"1,551,029","7,166",0,1989
20,25,-77.4,"1,586,392","7,309","45,757",1990
20,25,-77.4,"1,613,996","7,456",0,1991
20,25,-77.4,"1,648,374","7,605",0,1992
20,25,-77.4,"1,683,319","7,757",0,1993
20,25,-77.4,"1,721,362","7,912","42,013",1994
20,25,-77.4,"1,752,175","8,070",0,1995
20,25,-77.4,"1,789,321","8,232",0,1996
20,25,-77.4,"1,824,570","8,396",0,1997
20,25,-77.4,"1,859,785","8,564",0,1998
20,25,-77.4,"1,899,770","8,735",0,1999
20,25,-77.4,"1,944,795","8,910",0,2000
20,25,-77.4,"1,985,441","9,088",0,2001
20,25,-77.4,"2,022,568","9,270",0,2002
20,25,-77.4,"2,061,200","9,456",0,2003
20,25,-77.4,"2,103,866","9,645",0,2004
20,25,-77.4,"2,144,050","9,838",0,2005
20,25,-77.4,"2,178,569","10,034",0,2006
20,25,-77.4,"2,213,862","10,235",0,2007
20,25,-77.4,"2,266,774","10,440",0,2008
20,25,-77.4,"2,303,042","10,649",0,2009
20,25,-77.4,"2,347,951","10,861","93,409",2010
20,25,-77.4,"2,385,988","11,079",0,2011
20,25,-77.4,"2,422,016","11,300",0,2012
20,25,-77.4,"2,470,457","11,526",0,2013
20,25,-77.4,"2,516,654","11,757",0,2014
20,25,-77.4,"2,557,927","11,992",0,2015
20,25,-77.4,"2,596,808","12,232",0,2016
20,25,-77.4,"2,644,849","12,476",0,2017
20,25,-77.4,"2,697,746","12,726",0,2018
20,25,-77.4,"2,739,021","12,980",0,2019
20,25,-77.4,"2,796,815","13,240",0,2020
20,25,-77.4,"2,851,912","13,505",0,2021
21,35.6,-87,"1,559,810","11,375",0,1985
21,35.6,-87,"1,598,182","11,602",0,1986
21,35.6,-87,"1,636,058","11,834",0,1987
21,35.6,-87,"1,670,579","12,071",0,1988
21,35.6,-87,"1,705,996","12,312",0,1989
21,35.6,-87,"1,740,115","12,559",0,1990
21,35.6,-87,"1,767,609","12,810",0,1991
21,35.6,-87,"1,801,547","13,066",0,1992
21,35.6,-87,"1,833,795","13,327",0,1993
21,35.6,-87,"1,878,906","13,594",0,1994
21,35.6,-87,"1,920,430","13,866",0,1995
21,35.6,-87,"1,949,429","14,143","105,648",1996
21,35.6,-87,"1,978,670","14,426",0,1997
21,35.6,-87,"2,025,169","14,714",0,1998
21,35.6,-87,"2,062,230","15,009",0,1999
21,35.6,-87,"2,112,754","15,309",0,2000
21,35.6,-87,"2,146,981","15,615",0,2001
21,35.6,-87,"2,198,938","15,927",0,2002
21,35.6,-87,"2,250,613","16,246",0,2003
21,35.6,-87,"2,293,599","16,571",0,2004
21,35.6,-87,"2,337,866","16,902",0,2005
21,35.6,-87,"2,396,079","17,240",0,2006
21,35.6,-87,"2,435,374","17,585",0,2007
21,35.6,-87,"2,476,289","17,937",0,2008
21,35.6,-87,"2,515,167","18,295",0,2009
21,35.6,-87,"2,557,421","18,661",0,2010
21,35.6,-87,"2,618,799","19,035",0,2011
21,35.6,-87,"2,664,628","19,415",0,2012
21,35.6,-87,"2,714,457","19,804",0,2013
21,35.6,-87,"2,756,802","20,200",0,2014
21,35.6,-87,"2,814,971","20,604",0,2015
21,35.6,-87,"2,885,345","21,016","192,924",2016
21,35.6,-87,"2,932,088","21,436",0,2017
21,35.6,-87,"2,988,091","21,865",0,2018
21,35.6,-87,"3,037,992","22,302",0,2019
21,35.6,-87,"3,087,815","22,748",0,2020
21,35.6,-87,"3,137,220","23,203",0,2021
22,39.4,-94.8,"2,444,891","8,428",0,1985
22,39.4,-94.8,"2,489,876","8,596","57,424",1986
22,39.4,-94.8,"2,536,935","8,768",0,1987
22,39.4,-94.8,"2,596,046","8,944",0,1988
22,39.4,-94.8,"2,648,486","9,123",0,1989
22,39.4,-94.8,"2,701,985","9,305",0,1990
22,39.4,-94.8,"2,766,022","9,491",0,1991
22,39.4,-94.8,"2,827,705","9,681",0,1992
22,39.4,-94.8,"2,889,631","9,875",0,1993
22,39.4,-94.8,"2,960,427","10,072",0,1994
22,39.4,-94.8,"3,031,182","10,274",0,1995
22,39.4,-94.8,"3,088,168","10,479",0,1996
22,39.4,-94.8,"3,144,372","10,689",0,1997
22,39.4,-94.8,"3,201,600","10,902",0,1998
22,39.4,-94.8,"3,249,624","11,120",0,1999
22,39.4,-94.8,"3,322,741","11,343",0,2000
22,39.4,-94.8,"3,378,895","11,570",0,2001
22,39.4,-94.8,"3,437,688","11,801",0,2002
22,39.4,-94.8,"3,506,098","12,037",0,2003
22,39.4,-94.8,"3,574,467","12,278",0,2004
22,39.4,-94.8,"3,654,535","12,523",0,2005
22,39.4,-94.8,"3,734,569","12,774","64,763",2006
22,39.4,-94.8,"3,809,260","13,029",0,2007
22,39.4,-94.8,"3,901,063","13,290","85,454",2008
22,39.4,-94.8,"3,967,381","13,556",0,2009
22,39.4,-94.8,"4,031,653","13,827",0,2010
22,39.4,-94.8,"4,094,547","14,103",0,2011
22,39.4,-94.8,"4,162,516","14,385",0,2012
22,39.4,-94.8,"4,265,330","14,673",0,2013
22,39.4,-94.8,"4,336,562","14,967",0,2014
22,39.4,-94.8,"4,444,108","15,266",0,2015
22,39.4,-94.8,"4,523,658","15,571",0,2016
22,39.4,-94.8,"4,603,727","15,883",0,2017
22,39.4,-94.8,"4,715,137","16,200",0,2018
22,39.4,-94.8,"4,791,522","16,524",0,2019
22,39.4,-94.8,"4,902,206","16,855",0,2020
22,39.4,-94.8,"4,990,936","17,192",0,2021
23,4.8,-52.5,"465,761","4,290",0,1985
23,4.8,-52.5,"473,400","4,375","30,146",1986
23,4.8,-52.5,"483,625","4,463","43,780",1987
23,4.8,-52.5,"494,216","4,552",0,1988
23,4.8,-52.5,"502,223","4,643",0,1989
23,4.8,-52.5,"511,665","4,736",0,1990
23,4.8,-52.5,"522,870","4,831","45,505",1991
23,4.8,-52.5,"533,380","4,927",0,1992
23,4.8,-52.5,"542,501","5,026",0,1993
23,4.8,-52.5,"553,785","5,126","30,245",1994
23,4.8,-52.5,"564,140","5,229",0,1995
23,4.8,-52.5,"575,028","5,333",0,1996
23,4.8,-52.5,"585,206","5,440",0,1997
23,4.8,-52.5,"594,745","5,549",0,1998
23,4.8,-52.5,"607,770","5,660",0,1999
23,4.8,-52.5,"620,412","5,773","51,727",2000
23,4.8,-52.5,"629,718","5,889",0,2001
23,4.8,-52.5,"644,894","6,006",0,2002
23,4.8,-52.5,"656,438","6,126",0,2003
23,4.8,-52.5,"670,354","6,249",0,2004
23,4.8,-52.5,"684,499","6,374",0,2005
23,4.8,-52.5,"701,200","6,501",0,2006
23,4.8,-52.5,"712,630","6,631",0,2007
23,4.8,-52.5,"725,885","6,764",0,2008
23,4.8,-52.5,"736,773","6,899",0,2009
23,4.8,-52.5,"754,308","7,037",0,2010
23,4.8,-52.5,"772,185","7,178","41,490",2011
23,4.8,-52.5,"788,942","7,322",0,2012
23,4.8,-52.5,"802,117","7,468",0,2013
23,4.8,-52.5,"819,443","7,617",0,2014
23,4.8,-52.5,"839,027","7,770",0,2015
23,4.8,-52.5,"855,808","7,925",0,2016
23,4.8,-52.5,"876,775","8,084",0,2017
23,4.8,-52.5,"892,645","8,245",0,2018
23,4.8,-52.5,"912,283","8,410",0,2019
23,4.8,-52.5,"930,985","8,579",0,2020
23,4.8,-52.5,"947,091","8,750",0,2021
24,15,-83.7,"200,943","1,337",0,1985
24,15,-83.7,"204,278","1,363",0,1986
24,15,-83.7,"208,773","1,391",0,1987
24,15,-83.7,"212,990","1,419",0,1988
24,15,-83.7,"216,589","1,447",0,1989
24,15,-83.7,"220,076","1,476",0,1990
24,15,-83.7,"223,664","1,505",0,1991
24,15,-83.7,"228,786","1,535",0,1992
24,15,-83.7,"233,544","1,566",0,1993
24,15,-83.7,"238,332","1,598",0,1994
24,15,-83.7,"242,884","1,629",0,1995
24,15,-83.7,"247,815","1,662",0,1996
24,15,-83.7,"253,192","1,695",0,1997
24,15,-83.7,"258,940","1,729",0,1998
24,15,-83.7,"263,704","1,764",0,1999
24,15,-83.7,"269,479","1,799",0,2000
24,15,-83.7,"274,545","1,835",0,2001
24,15,-83.7,"278,938","1,872",0,2002
24,15,-83.7,"284,182","1,909",0,2003
24,15,-83.7,"290,406","1,947",0,2004
24,15,-83.7,"295,517","1,986","11,541",2005
24,15,-83.7,"301,043","2,026",0,2006
24,15,-83.7,"307,847","2,067",0,2007
24,15,-83.7,"313,080","2,108",0,2008
24,15,-83.7,"319,373","2,150",0,2009
24,15,-83.7,"324,291","2,193",0,2010
24,15,-83.7,"332,139","2,237",0,2011
24,15,-83.7,"338,948","2,282",0,2012
24,15,-83.7,"344,100","2,327",0,2013
24,15,-83.7,"351,739","2,374",0,2014
24,15,-83.7,"358,985","2,421","20,218",2015
24,15,-83.7,"366,811","2,470",0,2016
24,15,-83.7,"374,844","2,519",0,2017
24,15,-83.7,"382,491","2,570","19,143",2018
24,15,-83.7,"389,988","2,621",0,2019
24,15,-83.7,"399,035","2,673",0,2020
24,15,-83.7,"407,016","2,727",0,2021
25,35.4,-90.9,"2,173,623","17,796",0,1985
25,35.4,-90.9,"2,209,053","18,152","133,415",1986
25,35.4,-90.9,"2,261,408","18,515",0,1987
25,35.4,-90.9,"2,309,124","18,885",0,1988
25,35.4,-90.9,"2,344,453","19,263",0,1989
25,35.4,-90.9,"2,398,376","19,648",0,1990
25,35.4,-90.9,"2,442,506","20,041",0,1991
25,35.4,-90.9,"2,499,416","20,442","186,429",1992
25,35.4,-90.9,"2,560,152","20,851",0,1993
25,35.4,-90.9,"2,607,771","21,268",0,1994
25,35.4,-90.9,"2,650,538","21,693",0,1995
25,35.4,-90.9,"2,695,067","22,127",0,1996
25,35.4,-90.9,"2,743,309","22,569",0,1997
25,35.4,-90.9,"2,795,981","23,021",0,1998
25,35.4,-90.9,"2,855,815","23,481","144,879",1999
25,35.4,-90.9,"2,902,364","23,951","190,888",2000
25,35.4,-90.9,"2,955,187","24,430",0,2001
25,35.4,-90.9,"3,026,112","24,918",0,2002
25,35.4,-90.9,"3,091,778","25,417","162,667",2003
25,35.4,-90.9,"3,168,764","25,925","183,809",2004
25,35.4,-90.9,"3,243,547","26,444",0,2005
25,35.4,-90.9,"3,298,687","26,972",0,2006
25,35.4,-90.9,"3,352,126","27,512","201,387",2007
25,35.4,-90.9,"3,412,464","28,062",0,2008
25,35.4,-90.9,"3,495,728","28,623",0,2009
25,35.4,-90.9,"3,557,952","29,196",0,2010
25,35.4,-90.9,"3,632,669","29,780",0,2011
25,35.4,-90.9,"3,720,943","30,375",0,2012
25,35.4,-90.9,"3,813,966","30,983",0,2013
25,35.4,-90.9,"3,892,534","31,603",0,2014
25,35.4,-90.9,"3,964,157","32,235",0,2015
25,35.4,-90.9,"4,045,818","32,879",0,2016
25,35.4,-90.9,"4,108,529","33,537",0,2017
25,35.4,-90.9,"4,211,242","34,208",0,2018
25,35.4,-90.9,"4,288,307","34,892",0,2019
25,35.4,-90.9,"4,380,506","35,590",0,2020
25,35.4,-90.9,"4,449,280","36,301",0,2021
26,39.7,-86.1,"679,009","7,200",0,1985
26,39.7,-86.1,"690,348","7,344",0,1986
26,39.7,-86.1,"703,051","7,491",0,1987
26,39.7,-86.1,"716,549","7,641",0,1988
26,39.7,-86.1,"728,158","7,794",0,1989
26,39.7,-86.1,"746,289","7,949",0,1990
26,39.7,-86.1,"758,453","8,108",0,1991
26,39.7,-86.1,"773,243","8,271",0,1992
26,39.7,-86.1,"790,873","8,436",0,1993
26,39.7,-86.1,"807,798","8,605",0,1994
26,39.7,-86.1,"821,611","8,777",0,1995
26,39.7,-86.1,"837,386","8,952",0,1996
26,39.7,-86.1,"850,700","9,131",0,1997
26,39.7,-86.1,"868,565","9,314","64,267",1998
26,39.7,-86.1,"883,939","9,500","53,107",1999
26,39.7,-86.1,"900,733","9,690",0,2000
26,39.7,-86.1,"922,982","9,884",0,2001
26,39.7,-86.1,"937,842","10,082",0,2002
26,39.7,-86.1,"954,348","10,283",0,2003
26,39.7,-86.1,"975,439","10,489",0,2004
26,39.7,-86.1,"997,776","10,699",0,2005
26,39.7,-86.1,"1,019,428","10,913",0,2006
26,39.7,-86.1,"1,041,448","11,131",0,2007
26,39.7,-86.1,"1,061,964","11,354",0,2008
26,39.7,-86.1,"1,084,372","11,581",0,2009
26,39.7,-86.1,"1,107,360","11,812",0,2010
26,39.7,-86.1,"1,130,615","12,049",0,2011
26,39.7,-86.1,"1,154,810","12,290",0,2012
26,39.7,-86.1,"1,176,751","12,535",0,2013
26,39.7,-86.1,"1,197,109","12,786",0,2014
26,39.7,-86.1,"1,223,565","13,042",0,2015
26,39.7,-86.1,"1,244,244","13,303",0,2016
26,39.7,-86.1,"1,273,608","13,569",0,2017
26,39.7,-86.1,"1,303,920","13,840",0,2018
26,39.7,-86.1,"1,329,607","14,117",0,2019
26,39.7,-86.1,"1,360,587","14,399",0,2020
26,39.7,-86.1,"1,382,356","14,687",0,2021
27,33,-93.6,"730,268","7,452",0,1985
27,33,-93.6,"745,530","7,601",0,1986
27,33,-93.6,"763,348","7,753",0,1987
27,33,-93.6,"775,791","7,908",0,1988
27,33,-93.6,"789,678","8,066",0,1989
27,33,-93.6,"809,025","8,227",0,1990
27,33,-93.6,"827,794","8,392",0,1991
27,33,-93.6,"848,241","8,560",0,1992
27,33,-93.6,"866,308","8,731",0,1993
27,33,-93.6,"882,681","8,905",0,1994
27,33,-93.6,"901,924","9,084",0,1995
27,33,-93.6,"917,527","9,265",0,1996
27,33,-93.6,"940,373","9,450",0,1997
27,33,-93.6,"963,225","9,639",0,1998
27,33,-93.6,"980,081","9,832","68,039",1999
27,33,-93.6,"1,001,153","10,029",0,2000
27,33,-93.6,"1,016,170","10,230",0,2001
27,33,-93.6,"1,034,766","10,434",0,2002
27,33,-93.6,"1,052,357","10,643",0,2003
27,33,-93.6,"1,076,772","10,856",0,2004
27,33,-93.6,"1,094,861","11,073",0,2005
27,33,-93.6,"1,118,510","11,294",0,2006
27,33,-93.6,"1,145,690","11,520",0,2007
27,33,-93.6,"1,168,260","11,750",0,2008
27,33,-93.6,"1,188,121","11,985",0,2009
27,33,-93.6,"1,212,834","12,225",0,2010
27,33,-93.6,"1,231,996","12,470",0,2011
27,33,-93.6,"1,258,608","12,719",0,2012
27,33,-93.6,"1,283,276","12,973",0,2013
27,33,-93.6,"1,306,247","13,233",0,2014
27,33,-93.6,"1,335,768","13,498",0,2015
27,33,-93.6,"1,361,816","13,768",0,2016
27,33,-93.6,"1,386,873","14,043",0,2017
27,33,-93.6,"1,420,990","14,324",0,2018
27,33,-93.6,"1,444,010","14,610",0,2019
27,33,-93.6,"1,467,547","14,902",0,2020
27,33,-93.6,"1,494,110","15,201",0,2021
28,37.9,-88.7,"1,027,351","6,967",0,1985
28,37.9,-88.7,"1,044,302","7,107",0,1986
28,37.9,-88.7,"1,064,770","7,249",0,1987
28,37.9,-88.7,"1,082,552","7,394",0,1988
28,37.9,-88.7,"1,108,100","7,541","57,466",1989
28,37.9,-88.7,"1,125,830","7,692",0,1990
28,37.9,-88.7,"1,146,658","7,846",0,1991
28,37.9,-88.7,"1,166,495","8,003",0,1992
28,37.9,-88.7,"1,184,342","8,163",0,1993
28,37.9,-88.7,"1,209,213","8,326",0,1994
28,37.9,-88.7,"1,233,035","8,493",0,1995
28,37.9,-88.7,"1,257,326","8,663",0,1996
28,37.9,-88.7,"1,280,083","8,836","53,546",1997
28,37.9,-88.7,"1,307,349","9,013",0,1998
28,37.9,-88.7,"1,332,319","9,193",0,1999
28,37.9,-88.7,"1,355,369","9,377","69,858",2000
28,37.9,-88.7,"1,384,102","9,564",0,2001
28,37.9,-88.7,"1,407,078","9,756",0,2002
28,37.9,-88.7,"1,432,406","9,951",0,2003
28,37.9,-88.7,"1,467,930","10,150",0,2004
28,37.9,-88.7,"1,493,031","10,353",0,2005
28,37.9,-88.7,"1,530,357","10,560",0,2006
28,37.9,-88.7,"1,558,975","10,771",0,2007
28,37.9,-88.7,"1,583,918","10,987",0,2008
28,37.9,-88.7,"1,619,398","11,206",0,2009
28,37.9,-88.7,"1,649,357","11,430",0,2010
28,37.9,-88.7,"1,676,736","11,659",0,2011
28,37.9,-88.7,"1,710,439","11,892",0,2012
28,37.9,-88.7,"1,752,686","12,130",0,2013
28,37.9,-88.7,"1,793,524","12,373",0,2014
28,37.9,-88.7,"1,833,340","12,620",0,2015
28,37.9,-88.7,"1,863,774","12,872",0,2016
28,37.9,-88.7,"1,901,608","13,130","123,027",2017
28,37.9,-88.7,"1,948,198","13,393",0,2018
28,37.9,-88.7,"1,979,564","13,660",0,2019
28,37.9,-88.7,"2,011,039","13,934",0,2020
28,37.9,-88.7,"2,042,612","14,212",0,2021
29,25.9,-81.7,"334,510","2,488",0,1985
29,25.9,-81.7,"341,401","2,537",0,1986
29,25.9,-81.7,"346,795","2,588",0,1987
29,25.9,-81.7,"353,905","2,640",0,1988
29,25.9,-81.7,"360,063","2,693",0,1989
29,25.9,-81.7,"366,976","2,747",0,1990
29,25.9,-81.7,"375,086","2,802",0,1991
29,25.9,-81.7,"382,663","2,858",0,1992
29,25.9,-81.7,"389,283","2,915",0,1993
29,25.9,-81.7,"398,197","2,973",0,1994
29,25.9,-81.7,"406,122","3,032",0,1995
29,25.9,-81.7,"413,432","3,093",0,1996
29,25.9,-81.7,"420,915","3,155",0,1997
29,25.9,-81.7,"428,197","3,218",0,1998
29,25.9,-81.7,"435,733","3,282",0,1999
29,25.9,-81.7,"444,186","3,348",0,2000
29,25.9,-81.7,"451,515","3,415",0,2001
29,25.9,-81.7,"458,649","3,483",0,2002
29,25.9,-81.7,"467,455","3,553",0,2003
29,25.9,-81.7,"476,290","3,624",0,2004
29,25.9,-81.7,"487,197","3,697",0,2005
29,25.9,-81.7,"497,428","3,771",0,2006
29,25.9,-81.7,"505,934","3,846",0,2007
29,25.9,-81.7,"515,598","3,923",0,2008
29,25.9,-81.7,"525,600","4,001",0,2009
29,25.9,-81.7,"536,007","4,081","37,671",2010
29,25.9,-81.7,"548,442","4,163",0,2011
29,25.9,-81.7,"560,234","4,246",0,2012
29,25.9,-81.7,"571,719","4,331",0,2013
29,25.9,-81.7,"580,923","4,418",0,2014
29,25.9,-81.7,"594,749","4,506",0,2015
29,25.9,-81.7,"606,585","4,596",0,2016
29,25.9,-81.7,"616,958","4,688",0,2017
29,25.9,-81.7,"627,199","4,782",0,2018
29,25.9,-81.7,"640,370","4,878",0,2019
29,25.9,-81.7,"655,291","4,975",0,2020
29,25.9,-81.7,"665,710","5,075",0,2021
30,19.5,-99.2,"119,945",700,0,1985
30,19.5,-99.2,"122,895",714,0,1986
30,19.5,-99.2,"125,132",729,0,1987
30,19.5,-99.2,"127,497",743,0,1988
30,19.5,-99.2,"129,473",758,0,1989
30,19.5,-99.2,"131,959",773,0,1990
30,19.5,-99.2,"134,176",789,0,1991
30,19.5,-99.2,"137,047",804,0,1992
30,19.5,-99.2,"139,226",821,0,1993
30,19.5,-99.2,"141,370",837,0,1994
30,19.5,-99.2,"144,438",854,0,1995
30,19.5,-99.2,"146,836",871,0,1996
30,19.5,-99.2,"149,376",888,0,1997
30,19.5,-99.2,"151,960",906,0,1998
30,19.5,-99.2,"155,577",924,0,1999
30,19.5,-99.2,"158,066",943,"6,409",2000
30,19.5,-99.2,"161,291",961,0,2001
30,19.5,-99.2,"164,339",981,0,2002
30,19.5,-99.2,"167,116","1,000",0,2003
30,19.5,-99.2,"169,957","1,020",0,2004
30,19.5,-99.2,"172,711","1,041",0,2005
30,19.5,-99.2,"175,681","1,061",0,2006
30,19.5,-99.2,"178,545","1,083",0,2007
30,19.5,-99.2,"182,830","1,104",0,2008
30,19.5,-99.2,"185,847","1,126",0,2009
30,19.5,-99.2,"188,950","1,149",0,2010
30,19.5,-99.2,"192,597","1,172",0,2011
30,19.5,-99.2,"196,988","1,195",0,2012
30,19.5,-99.2,"200,219","1,219",0,2013
30,19.5,-99.2,"204,203","1,244",0,2014
30,19.5,-99.2,"208,022","1,269",0,2015
30,19.5,-99.2,"211,829","1,294",0,2016
30,19.5,-99.2,"215,345","1,320",0,2017
30,19.5,-99.2,"219,264","1,346",0,2018
30,19.5,-99.2,"222,619","1,373",0,2019
30,19.5,-99.2,"227,828","1,401","12,549",2020
30,19.5,-99.2,"232,271","1,429",0,2021
31,-0.3,-79.3,"1,093,761","9,455",0,1985
31,-0.3,-79.3,"1,111,589","9,644",0,1986
31,-0.3,-79.3,"1,136,044","9,836",0,1987
31,-0.3,-79.3,"1,162,059","10,033",0,1988
31,-0.3,-79.3,"1,186,114","10,234",0,1989
31,-0.3,-79.3,"1,206,871","10,439",0,1990
31,-0.3,-79.3,"1,226,181","10,647",0,1991
31,-0.3,-79.3,"1,254,874","10,860",0,1992
31,-0.3,-79.3,"1,274,324","11,077","87,955",1993
31,-0.3,-79.3,"1,305,927","11,299",0,1994
31,-0.3,-79.3,"1,333,221","11,525",0,1995
31,-0.3,-79.3,"1,357,752","11,756",0,1996
31,-0.3,-79.3,"1,382,464","11,991",0,1997
31,-0.3,-79.3,"1,408,177","12,230",0,1998
31,-0.3,-79.3,"1,441,833","12,475",0,1999
31,-0.3,-79.3,"1,471,246","12,725",0,2000
31,-0.3,-79.3,"1,497,140","12,979",0,2001
31,-0.3,-79.3,"1,534,269","13,239",0,2002
31,-0.3,-79.3,"1,561,119","13,503",0,2003
31,-0.3,-79.3,"1,600,147","13,773",0,2004
31,-0.3,-79.3,"1,638,070","14,049",0,2005
31,-0.3,-79.3,"1,668,375","14,330",0,2006
31,-0.3,-79.3,"1,708,916","14,616",0,2007
31,-0.3,-79.3,"1,743,265","14,909",0,2008
31,-0.3,-79.3,"1,770,983","15,207",0,2009
31,-0.3,-79.3,"1,807,111","15,511",0,2010
31,-0.3,-79.3,"1,840,182","15,821","124,672",2011
31,-0.3,-79.3,"1,877,537","16,138",0,2012
31,-0.3,-79.3,"1,914,525","16,461",0,2013
31,-0.3,-79.3,"1,944,391","16,790",0,2014
31,-0.3,-79.3,"1,989,890","17,126",0,2015
31,-0.3,-79.3,"2,031,877","17,468",0,2016
31,-0.3,-79.3,"2,069,670","17,817",0,2017
31,-0.3,-79.3,"2,107,959","18,174",0,2018
31,-0.3,-79.3,"2,147,588","18,537",0,2019
31,-0.3,-79.3,"2,185,815","18,908",0,2020
31,-0.3,-79.3,"2,226,690","19,286",0,2021
32,-9.3,-71.1,"140,220",502,0,1985
32,-9.3,-71.1,"143,333",512,0,1986
32,-9.3,-71.1,"145,941",522,0,1987
32,-9.3,-71.1,"149,079",533,0,1988
32,-9.3,-71.1,"151,405",543,0,1989
32,-9.3,-71.1,"153,963",554,0,1990
32,-9.3,-71.1,"156,781",565,0,1991
32,-9.3,-71.1,"159,525",576,0,1992
32,-9.3,-71.1,"162,699",588,0,1993
32,-9.3,-71.1,"165,286",600,0,1994
32,-9.3,-71.1,"169,319",612,0,1995
32,-9.3,-71.1,"172,282",624,0,1996
32,-9.3,-71.1,"175,487",636,0,1997
32,-9.3,-71.1,"178,786",649,0,1998
32,-9.3,-71.1,"181,646",662,0,1999
32,-9.3,-71.1,"184,643",675,0,2000
32,-9.3,-71.1,"188,004",689,0,2001
32,-9.3,-71.1,"190,956",703,"4,786",2002
32,-9.3,-71.1,"194,049",717,0,2003
32,-9.3,-71.1,"197,814",731,0,2004
32,-9.3,-71.1,"200,900",746,0,2005
32,-9.3,-71.1,"205,822",761,0,2006
32,-9.3,-71.1,"209,218",776,0,2007
32,-9.3,-71.1,"214,176",791,0,2008
32,-9.3,-71.1,"217,710",807,0,2009
32,-9.3,-71.1,"221,825",823,0,2010
32,-9.3,-71.1,"226,150",840,0,2011
32,-9.3,-71.1,"230,266",857,0,2012
32,-9.3,-71.1,"235,839",874,0,2013
32,-9.3,-71.1,"241,570",891,0,2014
32,-9.3,-71.1,"245,845",909,0,2015
32,-9.3,-71.1,"251,229",927,0,2016
32,-9.3,-71.1,"256,957",946,0,2017
32,-9.3,-71.1,"262,071",965,0,2018
32,-9.3,-71.1,"268,361",984,0,2019
32,-9.3,-71.1,"273,594","1,004",0,2020
32,-9.3,-71.1,"279,941","1,024","9,767",2021
33,-15.7,-61.7,"247,671",887,0,1985
33,-15.7,-61.7,"253,664",904,0,1986
33,-15.7,-61.7,"259,093",922,0,1987
33,-15.7,-61.7,"264,793",941,0,1988
33,-15.7,-61.7,"270,274",960,0,1989
33,-15.7,-61.7,"276,193",979,0,1990
33,-15.7,-61.7,"281,938",998,"7,189",1991
33,-15.7,-61.7,"286,364","1,018",0,1992
33,-15.7,-61.7,"292,550","1,039",0,1993
33,-15.7,-61.7,"299,074","1,060",0,1994
33,-15.7,-61.7,"305,324","1,081",0,1995
33,-15.7,-61.7,"311,278","1,102",0,1996
33,-15.7,-61.7,"317,877","1,124","10,019",1997
33,-15.7,-61.7,"323,186","1,147",0,1998
33,-15.7,-61.7,"330,231","1,170",0,1999
33,-15.7,-61.7,"337,860","1,193",0,2000
33,-15.7,-61.7,"343,029","1,217",0,2001
33,-15.7,-61.7,"349,409","1,241",0,2002
33,-15.7,-61.7,"357,306","1,266",0,2003
33,-15.7,-61.7,"364,273","1,292",0,2004
33,-15.7,-61.7,"371,705","1,317",0,2005
33,-15.7,-61.7,"378,544","1,344",0,2006
33,-15.7,-61.7,"386,266","1,371",0,2007
33,-15.7,-61.7,"393,798","1,398",0,2008
33,-15.7,-61.7,"402,541","1,426",0,2009
33,-15.7,-61.7,"411,759","1,455",0,2010
33,-15.7,-61.7,"419,788","1,484",0,2011
33,-15.7,-61.7,"426,631","1,513",0,2012
33,-15.7,-61.7,"434,651","1,544",0,2013
33,-15.7,-61.7,"445,040","1,575",0,2014
33,-15.7,-61.7,"453,362","1,606",0,2015
33,-15.7,-61.7,"463,336","1,638",0,2016
33,-15.7,-61.7,"474,178","1,671",0,2017
33,-15.7,-61.7,"482,144","1,704",0,2018
33,-15.7,-61.7,"491,932","1,738",0,2019
33,-15.7,-61.7,"499,655","1,773",0,2020
33,-15.7,-61.7,"508,149","1,809",0,2021
34,40.7,-73.9,"461,358","2,141",0,1985
34,40.7,-73.9,"469,339","2,184",0,1986
34,40.7,-73.9,"477,647","2,227",0,1987
34,40.7,-73.9,"487,582","2,272",0,1988
34,40.7,-73.9,"499,527","2,317",0,1989
34,40.7,-73.9,"510,917","2,364",0,1990
34,40.7,-73.9,"522,412","2,411",0,1991
34,40.7,-73.9,"533,383","2,459",0,1992
34,40.7,-73.9,"541,650","2,508",0,1993
34,40.7,-73.9,"550,642","2,558",0,1994
34,40.7,-73.9,"560,333","2,610",0,1995
34,40.7,-73.9,"574,117","2,662",0,1996
34,40.7,-73.9,"582,729","2,715",0,1997
34,40.7,-73.9,"595,549","2,769",0,1998
34,40.7,-73.9,"609,902","2,825",0,1999
34,40.7,-73.9,"624,783","2,881",0,2000
34,40.7,-73.9,"635,342","2,939",0,2001
34,40.7,-73.9,"645,063","2,998",0,2002
34,40.7,-73.9,"660,931","3,058","22,687",2003
34,40.7,-73.9,"673,093","3,119",0,2004
34,40.7,-73.9,"685,477","3,181",0,2005
34,40.7,-73.9,"700,489","3,245",0,2006
34,40.7,-73.9,"713,308","3,310",0,2007
34,40.7,-73.9,"726,576","3,376",0,2008
34,40.7,-73.9,"738,201","3,443",0,2009
34,40.7,-73.9,"749,496","3,512","31,469",2010
34,40.7,-73.9,"767,783","3,582",0,2011
34,40.7,-73.9,"779,607","3,654",0,2012
34,40.7,-73.9,"798,630","3,727",0,2013
34,40.7,-73.9,"816,998","3,802",0,2014
34,40.7,-73.9,"829,743","3,878",0,2015
34,40.7,-73.9,"847,251","3,955",0,2016
34,40.7,-73.9,"864,196","4,034",0,2017
34,40.7,-73.9,"885,541","4,115",0,2018
34,40.7,-73.9,"903,075","4,197",0,2019
34,40.7,-73.9,"917,795","4,281",0,2020
34,40.7,-73.9,"937,895","4,367",0,2021
35,44.3,-68,"168,737","1,497",0,1985
35,44.3,-68,"172,230","1,527","8,199",1986
35,44.3,-68,"175,037","1,557",0,1987
35,44.3,-68,"179,011","1,588",0,1988
35,44.3,-68,"182,197","1,620",0,1989
35,44.3,-68,"186,588","1,653",0,1990
35,44.3,-68,"190,917","1,686",0,1991
35,44.3,-68,"195,022","1,719",0,1992
35,44.3,-68,"199,683","1,754",0,1993
35,44.3,-68,"203,576","1,789",0,1994
35,44.3,-68,"208,116","1,825",0,1995
35,44.3,-68,"211,592","1,861",0,1996
35,44.3,-68,"215,993","1,898",0,1997
35,44.3,-68,"220,356","1,936",0,1998
35,44.3,-68,"225,204","1,975",0,1999
35,44.3,-68,"230,271","2,015",0,2000
35,44.3,-68,"234,485","2,055",0,2001
35,44.3,-68,"240,276","2,096",0,2002
35,44.3,-68,"246,139","2,138",0,2003
35,44.3,-68,"251,727","2,181",0,2004
35,44.3,-68,"255,754","2,224",0,2005
35,44.3,-68,"259,770","2,269",0,2006
35,44.3,-68,"263,692","2,314","17,679",2007
35,44.3,-68,"269,467","2,360",0,2008
35,44.3,-68,"275,314","2,408",0,2009
35,44.3,-68,"281,096","2,456",0,2010
35,44.3,-68,"287,842","2,505",0,2011
35,44.3,-68,"293,167","2,555",0,2012
35,44.3,-68,"299,412","2,606",0,2013
35,44.3,-68,"306,628","2,658",0,2014
35,44.3,-68,"311,534","2,711",0,2015
35,44.3,-68,"317,889","2,766",0,2016
35,44.3,-68,"324,247","2,821",0,2017
35,44.3,-68,"330,667","2,877",0,2018
35,44.3,-68,"338,801","2,935",0,2019
35,44.3,-68,"346,153","2,993",0,2020
35,44.3,-68,"354,184","3,053",0,2021
,,,,,,
,,,,,,
,,,,,,
,,,,,,
,,,,,,
,,,,,,
,,,,,,
,,,,,,
,,,,,,
,,,,,,
,,,,,,
,,,,,,
,,,,,,
,,,,,,
,,,,,,
,,,,,,
,,,,,,
,,,,,,
,,,,,,
,,,,,,
,,,,,,
,,,,,,
,,,,,,
,,,,,,
,,,,,,
,,,,,,
,,,,,,
,,,,,,
,,,,,,
,,,,,,
,,,,,,
,,,,,,
,,,,,,
,,,,,,
,,,,,,
,,,,,,
,,,,,,
,,,,,,
,,,,,,
,,,,,,
,,,,,,
,,,,,,
,,,,,,
,,,,,,
,,,,,,
,,,,,,
,,,,,,
,,,,,,
,,,,,,
,,,,,,
,,,,,,
,,,,,,
,,,,,,
,,,,,,
,,,,,,
,,,,,,
,,,,,,
,,,,,,
,,,,,,
,,,,,,
,,,,,,
,,,,,,
,,,,,,
,,,,,,
,,,,,,
,,,,,,
,,,,,,
,,,,,,
,,,,,,
,,,,,,
,,,,,,
,,,,,,
,,,,,,
,,,,,,
,,,,,,
,,,,,,
,,,,,,
,,,,,,
,,,,,,
,,,,,,
,,,,,,
,,,,,,
,,,,,,
,,,,,,
,,,,,,
,,,,,,
,,,,,,
,,,,,,
,,,,,,
,,,,,,
,,,,,,
,,,,,,
,,,,,,
,,,,,,
,,,,,,
,,,,,,
,,,,,,
,,,,,,
,,,,,,
,,,,,,
,,,,,,
,,,,,,
,,,,,,
,,,,,,
,,,,,,
,,,,,,
,,,,,,
,,,,,,
,,,,,,
,,,,,,
,,,,,,
,,,,,,
,,,,,,
,,,,,,
,,,,,,
,,,,,,
,,,,,,
,,,,,,
,,,,,,
,,,,,,
,,,,,,
,,,,,,
,,,,,,
,,,,,,
,,,,,,
,,,,,,
,,,,,,
,,,,,,
,,,,,,
,,,,,,
,,,,,,
,,,,,,
,,,,,,
,,,,,,
,,,,,,
,,,,,,
,,,,,,
,,,,,,
,,,,,,
,,,,,,
,,,,,,
,,,,,,
,,,,,,
,,,,,,
,,,,,,
,,,,,,
,,,,,,
,,,,,,
,,,,,,
,,,,,,
,,,,,,
,,,,,,
,,,,,,
,,,,,,
,,,,,,
,,,,,,
,,,,,,
,,,,,,
,,,,,,
,,,,,,
,,,,,,
,,,,,,
,,,,,,
,,,,,,
,,,,,,
,,,,,,
,,,,,,
,,,,,,
,,,,,,
,,,,,,
,,,,,,
,,,,,,
,,,,,,
,,,,,,
,,,,,,
,,,,,,
,,,,,,
,,,,,,
,,,,,,
,,,,,,
,,,,,,
,,,,,,
,,,,,,
,,,,,,
,,,,,,
,,,,,,
,,,,,,
,,,,,,
,,,,,,
,,,,,,
,,,,,,
,,,,,,
,,,,,,
,,,,,,
,,,,,,
,,,,,,
,,,,,,
,,,,,,
,,,,,,
,,,,,,
